"order_item_id,order_id,food_item,quantity,price"
"1,1156,Paneer Curry,2,245.86"
"2,1048,Fried Rice,3,248.57"
"3,1163,Veg Pizza,2,256.55"
"4,1376,Fried Rice,2,208.98"
"5,1471,Noodles,1,149.32"
"6,1453,Veg Pizza,3,364.79"
"7,1412,Chicken Biryani,2,369.96"
"8,1478,Paneer Curry,1,178.62"
"9,1007,Fried Rice,2,155.43"
"10,1140,Noodles,3,381.95"
"11,1461,Paneer Curry,3,102.26"
"12,1197,Burger,3,162.31"
"13,1097,Veg Pizza,1,184.39"
"14,1226,Veg Pizza,3,392.77"
"15,1499,Paneer Curry,2,328.18"
"16,1360,Noodles,1,161.62"
"17,1241,Paneer Curry,1,176.08"
"18,1203,Veg Pizza,2,151.43"
"19,1291,Noodles,2,230.24"
"20,1476,Burger,1,307.89"
"21,1247,Paneer Curry,2,361.52"
"22,1214,Veg Pizza,1,388.93"
"23,1148,Veg Pizza,2,382.21"
"24,1213,Fried Rice,2,382.35"
"25,1420,Burger,2,353.48"
"26,1010,Veg Pizza,2,316.42"
"27,1215,Burger,3,343.92"
"28,1085,Fried Rice,2,395.23"
"29,1206,Veg Pizza,3,340.1"
"30,1064,Veg Pizza,3,312.39"
"31,1163,Veg Pizza,1,299.97"
"32,1132,Veg Pizza,3,288.93"
"33,1144,Chicken Biryani,3,101.36"
"34,1314,Fried Rice,3,317.8"
"35,1423,Veg Pizza,3,287.34"
"36,1363,Chicken Biryani,3,159.01"
"37,1126,Paneer Curry,2,240.25"
"38,1019,Burger,2,210.76"
"39,1263,Burger,2,398.39"
"40,1409,Fried Rice,2,208.17"
"41,1152,Veg Pizza,2,269.89"
"42,1477,Chicken Biryani,2,143.02"
"43,1225,Noodles,2,299.66"
"44,1203,Noodles,1,258.35"
"45,1023,Chicken Biryani,1,305.05"
"46,1072,Noodles,1,276.33"
"47,1244,Fried Rice,3,109.21"
"48,1290,Burger,3,139.6"
"49,1265,Fried Rice,3,156.97"
"50,1031,Veg Pizza,2,179.93"
"51,1463,Chicken Biryani,1,222.05"
"52,1310,Fried Rice,1,119.82"
"53,1180,Chicken Biryani,2,382.66"
"54,1346,Fried Rice,2,335.73"
"55,1189,Noodles,3,387.76"
"56,1477,Burger,3,368.45"
"57,1446,Paneer Curry,1,339.42"
"58,1158,Chicken Biryani,3,128.14"
"59,1280,Noodles,2,391.47"
"60,1275,Noodles,2,301.98"
"61,1355,Fried Rice,3,130.73"
"62,1081,Noodles,1,388.76"
"63,1172,Chicken Biryani,2,235.43"
"64,1462,Noodles,1,196.14"
"65,1310,Fried Rice,1,320.6"
"66,1250,Noodles,2,124.01"
"67,1148,Burger,1,277.59"
"68,1031,Chicken Biryani,3,274.12"
"69,1462,Veg Pizza,2,321.97"
"70,1449,Veg Pizza,3,278.05"
"71,1099,Noodles,3,129.58"
"72,1266,Fried Rice,1,204.95"
"73,1333,Paneer Curry,1,198.39"
"74,1040,Noodles,2,273.19"
"75,1297,Chicken Biryani,1,206.02"
"76,1346,Veg Pizza,2,241.7"
"77,1453,Fried Rice,2,181.99"
"78,1002,Fried Rice,2,383.92"
"79,1023,Fried Rice,3,297.26"
"80,1079,Paneer Curry,1,227.22"
"81,1301,Fried Rice,2,272.13"
"82,1087,Noodles,2,345.62"
"83,1130,Veg Pizza,1,325.62"
"84,1329,Veg Pizza,3,145.62"
"85,1455,Veg Pizza,3,383.46"
"86,1467,Burger,2,183.39"
"87,1190,Noodles,2,393.4"
"88,1279,Noodles,3,358.66"
"89,1150,Veg Pizza,3,310.63"
"90,1350,Veg Pizza,2,138.76"
"91,1006,Fried Rice,1,128.96"
"92,1437,Paneer Curry,2,390.81"
"93,1181,Fried Rice,2,303.54"
"94,1118,Fried Rice,3,142.84"
"95,1110,Chicken Biryani,2,373.28"
"96,1203,Noodles,1,265.35"
"97,1407,Paneer Curry,2,230.65"
"98,1293,Veg Pizza,2,332.55"
"99,1419,Veg Pizza,2,132.42"
"100,1314,Fried Rice,3,350.73"
"101,1220,Paneer Curry,1,148.39"
"102,1330,Noodles,3,123.56"
"103,1328,Noodles,2,241.6"
"104,1058,Noodles,1,394.09"
"105,1002,Burger,3,156.95"
"106,1361,Burger,1,305.61"
"107,1272,Veg Pizza,3,275.96"
"108,1401,Fried Rice,1,169.3"
"109,1492,Paneer Curry,3,180.74"
"110,1151,Veg Pizza,3,199.52"
"111,1209,Veg Pizza,2,326.82"
"112,1370,Noodles,1,245.37"
"113,1108,Veg Pizza,2,115.35"
"114,1028,Noodles,1,396.34"
"115,1275,Veg Pizza,1,393.95"
"116,1252,Burger,1,334.77"
"117,1306,Veg Pizza,1,195.73"
"118,1429,Burger,3,101.85"
"119,1386,Fried Rice,2,231.85"
"120,1468,Chicken Biryani,2,116.05"
"121,1328,Noodles,2,351.86"
"122,1499,Veg Pizza,3,256.42"
"123,1493,Burger,3,257.51"
"124,1285,Veg Pizza,3,296.27"
"125,1044,Burger,1,147.18"
"126,1391,Paneer Curry,2,222.09"
"127,1006,Noodles,1,127.35"
"128,1468,Noodles,2,316.57"
"129,1090,Chicken Biryani,1,396.85"
"130,1224,Burger,3,114.01"
"131,1383,Veg Pizza,3,137.72"
"132,1225,Paneer Curry,3,295.67"
"133,1165,Paneer Curry,1,377.98"
"134,1112,Fried Rice,2,287.03"
"135,1117,Fried Rice,2,194.76"
"136,1028,Chicken Biryani,3,328.87"
"137,1340,Burger,2,298.49"
"138,1033,Fried Rice,2,148.14"
"139,1275,Fried Rice,1,250.32"
"140,1348,Veg Pizza,3,109.45"
"141,1151,Veg Pizza,1,272.24"
"142,1472,Fried Rice,1,332.48"
"143,1287,Veg Pizza,3,308.44"
"144,1004,Burger,3,270.35"
"145,1029,Fried Rice,1,365.91"
"146,1263,Fried Rice,2,386.26"
"147,1137,Noodles,2,148.1"
"148,1077,Veg Pizza,1,349.16"
"149,1459,Noodles,3,271.6"
"150,1358,Fried Rice,2,116.67"
"151,1477,Paneer Curry,2,268.73"
"152,1308,Paneer Curry,1,209.5"
"153,1326,Paneer Curry,2,186.26"
"154,1325,Veg Pizza,3,189.01"
"155,1153,Chicken Biryani,2,108.0"
"156,1345,Burger,2,101.78"
"157,1423,Chicken Biryani,2,213.43"
"158,1438,Burger,1,183.32"
"159,1254,Veg Pizza,2,327.91"
"160,1304,Veg Pizza,3,286.02"
"161,1112,Veg Pizza,2,309.06"
"162,1379,Veg Pizza,3,255.72"
"163,1262,Chicken Biryani,3,166.03"
"164,1434,Paneer Curry,2,104.94"
"165,1399,Veg Pizza,3,130.64"
"166,1044,Fried Rice,3,248.11"
"167,1117,Chicken Biryani,2,371.98"
"168,1169,Noodles,3,291.95"
"169,1448,Fried Rice,1,159.14"
"170,1093,Burger,2,155.22"
"171,1406,Paneer Curry,2,259.04"
"172,1327,Fried Rice,3,261.76"
"173,1446,Fried Rice,2,191.43"
"174,1315,Chicken Biryani,2,250.47"
"175,1463,Noodles,2,202.07"
"176,1347,Chicken Biryani,3,277.88"
"177,1093,Chicken Biryani,2,382.97"
"178,1418,Veg Pizza,1,279.56"
"179,1078,Paneer Curry,2,237.57"
"180,1382,Veg Pizza,2,331.3"
"181,1308,Burger,2,107.87"
"182,1061,Burger,1,259.48"
"183,1006,Fried Rice,3,380.37"
"184,1347,Veg Pizza,2,167.89"
"185,1468,Noodles,3,294.07"
"186,1481,Paneer Curry,2,352.21"
"187,1316,Veg Pizza,1,109.18"
"188,1061,Paneer Curry,1,372.58"
"189,1379,Paneer Curry,2,382.0"
"190,1462,Veg Pizza,2,343.64"
"191,1489,Veg Pizza,1,280.08"
"192,1379,Veg Pizza,3,176.24"
"193,1445,Chicken Biryani,2,383.97"
"194,1215,Paneer Curry,2,216.9"
"195,1375,Chicken Biryani,3,115.3"
"196,1446,Burger,1,377.71"
"197,1454,Paneer Curry,3,126.24"
"198,1279,Chicken Biryani,3,351.42"
"199,1488,Chicken Biryani,1,259.95"
"200,1485,Paneer Curry,2,349.87"
"201,1104,Veg Pizza,2,275.79"
"202,1444,Noodles,2,380.36"
"203,1430,Burger,1,171.99"
"204,1362,Chicken Biryani,3,206.17"
"205,1189,Fried Rice,1,173.49"
"206,1111,Burger,2,320.34"
"207,1313,Veg Pizza,3,113.65"
"208,1184,Fried Rice,3,390.47"
"209,1493,Burger,2,379.59"
"210,1084,Noodles,2,242.25"
"211,1176,Burger,2,260.21"
"212,1498,Chicken Biryani,2,172.26"
"213,1366,Burger,3,328.72"
"214,1127,Burger,2,250.49"
"215,1062,Noodles,3,117.23"
"216,1322,Burger,1,391.29"
"217,1071,Chicken Biryani,2,153.2"
"218,1217,Noodles,3,390.05"
"219,1228,Burger,3,359.33"
"220,1157,Fried Rice,2,237.58"
"221,1037,Noodles,3,233.16"
"222,1105,Fried Rice,3,328.88"
"223,1143,Burger,3,216.45"
"224,1167,Paneer Curry,2,166.53"
"225,1350,Veg Pizza,3,141.76"
"226,1334,Paneer Curry,2,250.69"
"227,1191,Veg Pizza,2,369.58"
"228,1337,Veg Pizza,1,265.03"
"229,1382,Chicken Biryani,2,171.78"
"230,1466,Burger,3,204.7"
"231,1294,Noodles,3,131.67"
"232,1067,Burger,2,347.52"
"233,1200,Paneer Curry,1,317.23"
"234,1430,Chicken Biryani,2,327.52"
"235,1345,Fried Rice,2,132.94"
"236,1270,Noodles,1,358.63"
"237,1257,Fried Rice,2,198.19"
"238,1070,Veg Pizza,1,168.8"
"239,1150,Burger,2,203.65"
"240,1161,Paneer Curry,2,386.65"
"241,1245,Chicken Biryani,1,126.69"
"242,1177,Burger,1,373.37"
"243,1090,Fried Rice,3,345.04"
"244,1021,Chicken Biryani,1,130.06"
"245,1019,Veg Pizza,3,265.48"
"246,1451,Chicken Biryani,3,306.31"
"247,1329,Noodles,2,335.13"
"248,1474,Burger,1,132.97"
"249,1451,Noodles,2,213.69"
"250,1480,Burger,2,115.34"
"251,1279,Paneer Curry,2,221.25"
"252,1384,Noodles,2,230.31"
"253,1300,Veg Pizza,1,212.98"
"254,1421,Fried Rice,3,113.79"
"255,1136,Veg Pizza,1,139.8"
"256,1152,Chicken Biryani,3,220.26"
"257,1136,Burger,3,148.03"
"258,1262,Chicken Biryani,3,143.57"
"259,1139,Noodles,1,124.12"
"260,1491,Paneer Curry,2,111.29"
"261,1353,Noodles,1,272.55"
"262,1118,Fried Rice,2,204.12"
"263,1493,Fried Rice,1,359.24"
"264,1070,Paneer Curry,2,304.26"
"265,1241,Paneer Curry,1,316.98"
"266,1330,Burger,2,135.98"
"267,1323,Veg Pizza,2,129.76"
"268,1472,Burger,3,342.54"
"269,1249,Paneer Curry,3,206.89"
"270,1365,Chicken Biryani,1,282.75"
"271,1104,Chicken Biryani,1,128.59"
"272,1358,Veg Pizza,2,139.28"
"273,1034,Noodles,2,387.33"
"274,1483,Burger,1,189.01"
"275,1151,Noodles,2,107.44"
"276,1335,Chicken Biryani,1,320.43"
"277,1135,Fried Rice,2,196.71"
"278,1432,Chicken Biryani,1,282.45"
"279,1020,Burger,1,191.96"
"280,1487,Fried Rice,3,178.28"
"281,1126,Fried Rice,3,389.52"
"282,1421,Noodles,1,211.86"
"283,1240,Fried Rice,1,324.69"
"284,1146,Paneer Curry,3,185.93"
"285,1247,Burger,3,222.4"
"286,1109,Veg Pizza,1,384.86"
"287,1024,Veg Pizza,3,339.81"
"288,1082,Chicken Biryani,3,234.69"
"289,1395,Fried Rice,2,345.26"
"290,1351,Burger,1,262.59"
"291,1016,Noodles,3,243.73"
"292,1118,Burger,2,378.92"
"293,1157,Chicken Biryani,3,322.23"
"294,1151,Paneer Curry,2,154.84"
"295,1155,Burger,3,311.51"
"296,1054,Burger,3,328.23"
"297,1197,Burger,1,267.96"
"298,1151,Fried Rice,2,265.52"
"299,1248,Fried Rice,2,119.47"
"300,1135,Noodles,1,160.1"
"301,1309,Burger,1,116.89"
"302,1035,Burger,1,262.27"
"303,1061,Paneer Curry,3,109.27"
"304,1039,Veg Pizza,3,161.94"
"305,1310,Paneer Curry,2,230.15"
"306,1363,Paneer Curry,2,127.81"
"307,1337,Veg Pizza,3,144.36"
"308,1400,Burger,2,395.98"
"309,1227,Fried Rice,1,384.78"
"310,1074,Burger,3,117.44"
"311,1493,Fried Rice,3,353.16"
"312,1032,Veg Pizza,2,173.25"
"313,1345,Noodles,1,227.54"
"314,1281,Fried Rice,3,120.0"
"315,1128,Fried Rice,2,179.62"
"316,1039,Chicken Biryani,3,214.56"
"317,1490,Veg Pizza,3,334.39"
"318,1386,Veg Pizza,1,377.89"
"319,1211,Noodles,2,180.91"
"320,1431,Paneer Curry,2,193.91"
"321,1456,Noodles,3,129.18"
"322,1138,Noodles,3,101.27"
"323,1239,Noodles,2,220.75"
"324,1210,Burger,3,357.99"
"325,1476,Chicken Biryani,2,211.07"
"326,1352,Noodles,1,388.49"
"327,1166,Paneer Curry,3,324.59"
"328,1357,Chicken Biryani,1,260.09"
"329,1420,Fried Rice,2,240.18"
"330,1231,Veg Pizza,1,167.13"
"331,1432,Burger,1,399.51"
"332,1426,Fried Rice,2,377.74"
"333,1188,Veg Pizza,1,342.69"
"334,1317,Noodles,1,101.97"
"335,1331,Burger,2,306.74"
"336,1043,Fried Rice,2,157.15"
"337,1325,Noodles,3,292.88"
"338,1239,Fried Rice,2,356.68"
"339,1211,Burger,1,269.46"
"340,1041,Fried Rice,3,114.89"
"341,1459,Veg Pizza,3,313.23"
"342,1362,Chicken Biryani,3,158.39"
"343,1431,Burger,2,268.81"
"344,1356,Fried Rice,1,126.35"
"345,1123,Veg Pizza,2,190.67"
"346,1431,Burger,2,346.92"
"347,1053,Chicken Biryani,1,263.15"
"348,1327,Chicken Biryani,1,316.73"
"349,1271,Chicken Biryani,2,201.57"
"350,1048,Chicken Biryani,2,226.3"
"351,1441,Chicken Biryani,3,189.66"
"352,1277,Chicken Biryani,3,123.58"
"353,1075,Burger,2,141.37"
"354,1200,Burger,2,143.02"
"355,1290,Burger,3,175.43"
"356,1044,Chicken Biryani,3,157.46"
"357,1242,Veg Pizza,2,113.65"
"358,1485,Burger,2,145.02"
"359,1344,Noodles,1,321.69"
"360,1182,Paneer Curry,2,292.61"
"361,1134,Noodles,2,385.29"
"362,1176,Burger,1,301.46"
"363,1366,Noodles,2,314.33"
"364,1362,Noodles,1,388.84"
"365,1202,Chicken Biryani,3,199.2"
"366,1433,Fried Rice,2,238.64"
"367,1008,Chicken Biryani,2,146.6"
"368,1073,Chicken Biryani,2,298.95"
"369,1221,Fried Rice,3,218.12"
"370,1099,Veg Pizza,2,336.71"
"371,1270,Burger,1,118.83"
"372,1422,Paneer Curry,3,371.02"
"373,1166,Chicken Biryani,2,301.93"
"374,1262,Fried Rice,3,147.96"
"375,1264,Fried Rice,3,132.39"
"376,1214,Chicken Biryani,3,103.72"
"377,1441,Fried Rice,3,108.27"
"378,1407,Chicken Biryani,3,322.04"
"379,1418,Fried Rice,3,309.22"
"380,1021,Noodles,1,331.76"
"381,1498,Chicken Biryani,2,368.76"
"382,1326,Veg Pizza,1,375.42"
"383,1217,Paneer Curry,1,356.02"
"384,1338,Burger,1,309.55"
"385,1147,Fried Rice,2,190.36"
"386,1207,Chicken Biryani,2,274.06"
"387,1036,Veg Pizza,2,203.22"
"388,1300,Chicken Biryani,3,100.74"
"389,1337,Chicken Biryani,3,130.13"
"390,1184,Paneer Curry,1,337.01"
"391,1145,Veg Pizza,3,277.03"
"392,1364,Burger,2,187.6"
"393,1480,Burger,1,392.62"
"394,1165,Fried Rice,1,349.59"
"395,1347,Chicken Biryani,2,117.9"
"396,1081,Paneer Curry,2,159.24"
"397,1331,Fried Rice,2,301.83"
"398,1092,Noodles,1,360.42"
"399,1007,Veg Pizza,3,151.74"
"400,1443,Paneer Curry,1,170.99"
"401,1470,Noodles,3,334.73"
"402,1371,Fried Rice,2,140.67"
"403,1330,Paneer Curry,3,161.17"
"404,1220,Burger,2,393.59"
"405,1383,Veg Pizza,2,154.13"
"406,1336,Fried Rice,2,227.79"
"407,1455,Fried Rice,2,387.88"
"408,1130,Veg Pizza,1,222.71"
"409,1455,Veg Pizza,2,222.62"
"410,1451,Chicken Biryani,1,294.26"
"411,1145,Chicken Biryani,1,177.27"
"412,1315,Paneer Curry,1,137.38"
"413,1100,Fried Rice,1,194.52"
"414,1445,Chicken Biryani,3,297.8"
"415,1130,Chicken Biryani,2,335.7"
"416,1125,Noodles,2,158.52"
"417,1114,Noodles,1,318.49"
"418,1030,Noodles,1,343.96"
"419,1119,Noodles,1,187.13"
"420,1088,Chicken Biryani,1,262.4"
"421,1366,Veg Pizza,2,168.23"
"422,1471,Paneer Curry,3,363.13"
"423,1380,Noodles,2,355.43"
"424,1130,Fried Rice,3,130.62"
"425,1368,Veg Pizza,1,115.43"
"426,1420,Fried Rice,3,239.66"
"427,1186,Paneer Curry,3,202.21"
"428,1420,Noodles,3,114.67"
"429,1237,Chicken Biryani,1,370.44"
"430,1088,Veg Pizza,1,394.85"
"431,1226,Veg Pizza,1,212.8"
"432,1485,Veg Pizza,1,126.37"
"433,1174,Paneer Curry,2,149.3"
"434,1457,Veg Pizza,1,221.18"
"435,1414,Veg Pizza,3,378.82"
"436,1023,Veg Pizza,3,133.09"
"437,1371,Paneer Curry,1,340.28"
"438,1299,Paneer Curry,2,332.28"
"439,1063,Veg Pizza,1,381.86"
"440,1300,Paneer Curry,2,241.33"
"441,1041,Noodles,3,360.88"
"442,1347,Fried Rice,2,152.8"
"443,1241,Paneer Curry,2,107.63"
"444,1331,Chicken Biryani,2,170.54"
"445,1185,Noodles,1,231.72"
"446,1386,Paneer Curry,1,187.49"
"447,1210,Noodles,1,102.65"
"448,1046,Veg Pizza,1,334.65"
"449,1399,Noodles,3,165.72"
"450,1399,Fried Rice,3,142.57"
"451,1497,Burger,1,346.75"
"452,1195,Chicken Biryani,1,391.85"
"453,1225,Fried Rice,3,253.18"
"454,1429,Burger,1,162.2"
"455,1174,Burger,3,274.48"
"456,1259,Paneer Curry,1,206.26"
"457,1368,Burger,3,145.98"
"458,1497,Chicken Biryani,3,274.69"
"459,1236,Paneer Curry,3,254.0"
"460,1181,Veg Pizza,3,373.48"
"461,1323,Fried Rice,3,341.13"
"462,1269,Noodles,2,156.31"
"463,1119,Paneer Curry,1,214.83"
"464,1355,Paneer Curry,2,283.51"
"465,1295,Chicken Biryani,3,209.25"
"466,1369,Noodles,2,345.53"
"467,1214,Burger,2,362.93"
"468,1095,Chicken Biryani,2,366.62"
"469,1360,Fried Rice,3,164.55"
"470,1224,Paneer Curry,3,388.67"
"471,1033,Noodles,3,365.41"
"472,1326,Fried Rice,2,247.2"
"473,1045,Veg Pizza,1,236.51"
"474,1247,Burger,3,252.85"
"475,1394,Paneer Curry,2,144.27"
"476,1416,Veg Pizza,3,318.3"
"477,1184,Burger,2,200.98"
"478,1047,Burger,3,132.13"
"479,1241,Veg Pizza,2,291.04"
"480,1346,Paneer Curry,3,171.7"
"481,1392,Chicken Biryani,3,361.12"
"482,1262,Noodles,2,205.57"
"483,1355,Veg Pizza,2,152.84"
"484,1119,Burger,1,203.24"
"485,1261,Paneer Curry,1,187.27"
"486,1287,Burger,1,230.45"
"487,1135,Paneer Curry,1,296.0"
"488,1031,Paneer Curry,3,188.4"
"489,1194,Chicken Biryani,2,190.97"
"490,1116,Veg Pizza,3,337.11"
"491,1496,Fried Rice,3,321.58"
"492,1156,Paneer Curry,3,298.99"
"493,1249,Paneer Curry,1,235.97"
"494,1371,Burger,3,220.96"
"495,1482,Veg Pizza,3,156.17"
"496,1453,Noodles,3,154.66"
"497,1059,Chicken Biryani,3,263.68"
"498,1320,Paneer Curry,3,200.6"
"499,1349,Noodles,2,116.97"
"500,1110,Veg Pizza,3,243.53"
"501,1295,Chicken Biryani,2,374.39"
"502,1017,Paneer Curry,3,227.61"
"503,1403,Veg Pizza,3,398.9"
"504,1368,Veg Pizza,3,376.02"
"505,1352,Chicken Biryani,1,226.58"
"506,1207,Paneer Curry,1,344.35"
"507,1145,Burger,2,224.74"
"508,1405,Veg Pizza,2,285.35"
"509,1170,Fried Rice,2,297.36"
"510,1307,Burger,2,107.1"
"511,1440,Noodles,3,324.36"
"512,1468,Veg Pizza,1,271.34"
"513,1106,Noodles,3,171.47"
"514,1277,Fried Rice,2,259.37"
"515,1222,Veg Pizza,2,165.11"
"516,1465,Noodles,1,316.8"
"517,1120,Burger,2,292.27"
"518,1209,Veg Pizza,2,200.7"
"519,1459,Paneer Curry,2,294.29"
"520,1313,Noodles,2,117.03"
"521,1415,Burger,2,322.37"
"522,1021,Veg Pizza,1,159.8"
"523,1361,Noodles,2,304.89"
"524,1494,Burger,1,218.88"
"525,1074,Paneer Curry,2,141.23"
"526,1141,Noodles,3,150.31"
"527,1311,Chicken Biryani,2,103.12"
"528,1138,Burger,2,374.12"
"529,1450,Chicken Biryani,2,254.66"
"530,1454,Chicken Biryani,1,182.08"
"531,1248,Paneer Curry,1,178.19"
"532,1469,Chicken Biryani,2,206.65"
"533,1193,Veg Pizza,2,189.64"
"534,1451,Paneer Curry,3,373.77"
"535,1160,Burger,3,306.88"
"536,1495,Chicken Biryani,3,331.69"
"537,1030,Fried Rice,1,197.48"
"538,1488,Noodles,2,151.67"
"539,1430,Paneer Curry,2,208.89"
"540,1053,Chicken Biryani,2,182.07"
"541,1265,Fried Rice,3,325.18"
"542,1494,Paneer Curry,3,252.41"
"543,1416,Veg Pizza,1,257.35"
"544,1399,Fried Rice,1,141.49"
"545,1389,Paneer Curry,1,250.66"
"546,1337,Burger,2,224.61"
"547,1307,Noodles,1,179.32"
"548,1290,Burger,2,295.44"
"549,1140,Veg Pizza,1,214.88"
"550,1016,Fried Rice,1,324.32"
"551,1457,Burger,2,397.07"
"552,1418,Fried Rice,3,375.1"
"553,1402,Noodles,3,344.89"
"554,1268,Noodles,3,389.78"
"555,1258,Chicken Biryani,1,391.91"
"556,1202,Fried Rice,1,189.22"
"557,1196,Fried Rice,3,394.92"
"558,1190,Noodles,3,111.07"
"559,1341,Chicken Biryani,3,372.81"
"560,1120,Noodles,1,158.14"
"561,1333,Burger,2,347.46"
"562,1349,Veg Pizza,3,108.08"
"563,1355,Fried Rice,3,106.49"
"564,1390,Noodles,3,379.29"
"565,1011,Fried Rice,1,295.37"
"566,1388,Chicken Biryani,1,203.22"
"567,1128,Noodles,3,216.15"
"568,1341,Veg Pizza,1,211.17"
"569,1223,Burger,3,184.76"
"570,1145,Veg Pizza,2,251.55"
"571,1415,Burger,3,258.15"
"572,1395,Burger,1,230.61"
"573,1018,Veg Pizza,2,350.02"
"574,1266,Fried Rice,1,299.84"
"575,1123,Veg Pizza,3,387.67"
"576,1386,Chicken Biryani,3,108.56"
"577,1181,Paneer Curry,1,318.91"
"578,1155,Chicken Biryani,2,176.21"
"579,1003,Burger,2,101.36"
"580,1259,Paneer Curry,2,313.73"
"581,1215,Fried Rice,3,374.11"
"582,1153,Burger,2,112.35"
"583,1283,Veg Pizza,3,194.13"
"584,1286,Noodles,2,260.37"
"585,1480,Veg Pizza,3,327.34"
"586,1307,Veg Pizza,3,129.2"
"587,1449,Burger,3,341.28"
"588,1462,Fried Rice,3,356.48"
"589,1468,Paneer Curry,3,223.77"
"590,1355,Chicken Biryani,2,344.49"
"591,1422,Veg Pizza,2,305.87"
"592,1288,Chicken Biryani,1,362.53"
"593,1223,Noodles,2,387.67"
"594,1239,Veg Pizza,1,296.78"
"595,1362,Veg Pizza,2,358.5"
"596,1461,Paneer Curry,3,282.57"
"597,1308,Noodles,1,108.62"
"598,1451,Veg Pizza,2,349.32"
"599,1010,Burger,2,236.98"
"600,1246,Chicken Biryani,3,216.51"
"601,1415,Burger,3,297.75"
"602,1162,Fried Rice,3,201.23"
"603,1399,Burger,2,117.87"
"604,1232,Noodles,2,374.9"
"605,1063,Veg Pizza,1,222.91"
"606,1254,Veg Pizza,3,256.3"
"607,1151,Fried Rice,1,166.02"
"608,1213,Fried Rice,1,230.51"
"609,1474,Fried Rice,1,332.38"
"610,1077,Paneer Curry,2,362.13"
"611,1177,Chicken Biryani,1,346.75"
"612,1423,Fried Rice,1,339.51"
"613,1456,Noodles,3,208.73"
"614,1157,Noodles,1,236.7"
"615,1435,Burger,1,392.02"
"616,1275,Burger,2,285.98"
"617,1252,Burger,2,372.8"
"618,1431,Fried Rice,1,192.78"
"619,1485,Paneer Curry,1,119.1"
"620,1026,Noodles,3,125.95"
"621,1088,Noodles,2,265.15"
"622,1010,Chicken Biryani,3,213.24"
"623,1271,Veg Pizza,3,383.21"
"624,1403,Chicken Biryani,3,397.85"
"625,1398,Burger,2,237.73"
"626,1426,Burger,2,108.49"
"627,1355,Chicken Biryani,2,196.64"
"628,1263,Veg Pizza,2,306.76"
"629,1280,Veg Pizza,1,115.24"
"630,1014,Burger,1,132.03"
"631,1198,Paneer Curry,1,339.92"
"632,1149,Noodles,1,217.2"
"633,1363,Noodles,1,166.49"
"634,1359,Veg Pizza,2,303.42"
"635,1031,Chicken Biryani,1,197.98"
"636,1186,Noodles,2,378.4"
"637,1245,Burger,2,362.01"
"638,1416,Noodles,1,129.39"
"639,1219,Chicken Biryani,1,315.35"
"640,1234,Noodles,2,343.98"
"641,1184,Burger,1,157.13"
"642,1372,Burger,1,179.66"
"643,1497,Chicken Biryani,3,118.17"
"644,1096,Fried Rice,1,316.58"
"645,1330,Fried Rice,3,375.02"
"646,1254,Burger,1,192.55"
"647,1037,Chicken Biryani,2,156.13"
"648,1489,Chicken Biryani,1,364.06"
"649,1362,Paneer Curry,3,139.22"
"650,1302,Noodles,3,142.81"
"651,1365,Paneer Curry,1,309.2"
"652,1500,Veg Pizza,1,349.25"
"653,1262,Paneer Curry,1,158.0"
"654,1112,Burger,3,351.38"
"655,1124,Noodles,1,226.18"
"656,1243,Paneer Curry,1,243.79"
"657,1295,Veg Pizza,1,319.9"
"658,1047,Paneer Curry,2,201.87"
"659,1278,Fried Rice,1,361.11"
"660,1006,Chicken Biryani,2,337.15"
"661,1134,Paneer Curry,2,137.53"
"662,1105,Chicken Biryani,2,118.07"
"663,1054,Chicken Biryani,2,395.49"
"664,1117,Veg Pizza,1,150.15"
"665,1488,Fried Rice,3,373.62"
"666,1090,Burger,1,221.32"
"667,1494,Fried Rice,3,361.12"
"668,1496,Burger,2,162.03"
"669,1282,Paneer Curry,2,107.98"
"670,1005,Veg Pizza,3,285.79"
"671,1285,Burger,3,235.49"
"672,1130,Chicken Biryani,3,150.51"
"673,1483,Burger,3,376.2"
"674,1036,Noodles,3,320.02"
"675,1181,Noodles,3,233.98"
"676,1204,Fried Rice,1,310.22"
"677,1058,Burger,2,142.74"
"678,1165,Veg Pizza,1,101.73"
"679,1012,Paneer Curry,2,238.31"
"680,1497,Burger,1,372.71"
"681,1238,Fried Rice,2,271.32"
"682,1004,Veg Pizza,3,191.2"
"683,1319,Chicken Biryani,1,142.39"
"684,1110,Chicken Biryani,2,310.27"
"685,1398,Burger,1,375.1"
"686,1057,Veg Pizza,2,249.84"
"687,1081,Noodles,1,165.65"
"688,1125,Fried Rice,1,112.48"
"689,1269,Noodles,2,336.77"
"690,1466,Fried Rice,3,194.05"
"691,1251,Chicken Biryani,3,205.64"
"692,1273,Fried Rice,3,262.73"
"693,1051,Paneer Curry,2,150.37"
"694,1335,Paneer Curry,2,110.23"
"695,1230,Burger,2,229.19"
"696,1015,Fried Rice,1,173.71"
"697,1429,Chicken Biryani,2,367.8"
"698,1061,Veg Pizza,1,302.21"
"699,1010,Veg Pizza,1,188.27"
"700,1097,Paneer Curry,2,301.62"
"701,1114,Veg Pizza,3,325.14"
"702,1051,Fried Rice,1,349.25"
"703,1305,Fried Rice,1,147.66"
"704,1280,Paneer Curry,3,207.03"
"705,1438,Chicken Biryani,2,346.35"
"706,1304,Chicken Biryani,3,390.55"
"707,1008,Noodles,2,288.63"
"708,1336,Noodles,1,261.32"
"709,1255,Paneer Curry,1,184.27"
"710,1390,Burger,1,178.2"
"711,1364,Veg Pizza,3,195.47"
"712,1491,Chicken Biryani,3,258.13"
"713,1398,Burger,3,363.73"
"714,1204,Veg Pizza,3,205.71"
"715,1439,Fried Rice,3,304.35"
"716,1014,Fried Rice,2,234.29"
"717,1364,Burger,1,240.44"
"718,1091,Chicken Biryani,3,280.35"
"719,1293,Noodles,1,188.4"
"720,1164,Fried Rice,2,282.36"
"721,1053,Burger,2,306.33"
"722,1025,Paneer Curry,3,144.16"
"723,1261,Veg Pizza,1,205.67"
"724,1406,Fried Rice,1,294.12"
"725,1376,Noodles,1,115.98"
"726,1054,Fried Rice,3,367.45"
"727,1326,Veg Pizza,3,254.68"
"728,1288,Fried Rice,3,278.99"
"729,1023,Paneer Curry,3,386.99"
"730,1290,Chicken Biryani,2,243.52"
"731,1288,Noodles,2,391.7"
"732,1108,Burger,2,266.63"
"733,1041,Burger,3,311.19"
"734,1356,Noodles,2,296.53"
"735,1071,Fried Rice,3,131.87"
"736,1324,Chicken Biryani,2,153.35"
"737,1208,Paneer Curry,1,294.42"
"738,1245,Paneer Curry,3,226.57"
"739,1075,Fried Rice,2,364.15"
"740,1121,Veg Pizza,1,374.92"
"741,1162,Burger,2,219.36"
"742,1486,Veg Pizza,1,131.9"
"743,1440,Burger,3,381.68"
"744,1445,Fried Rice,3,348.88"
"745,1123,Chicken Biryani,2,148.79"
"746,1178,Fried Rice,3,324.98"
"747,1218,Chicken Biryani,1,384.78"
"748,1136,Chicken Biryani,1,164.65"
"749,1263,Fried Rice,2,309.45"
"750,1059,Fried Rice,1,238.2"
"751,1055,Veg Pizza,3,356.52"
"752,1452,Noodles,2,306.36"
"753,1325,Fried Rice,2,142.32"
"754,1179,Paneer Curry,1,209.62"
"755,1043,Veg Pizza,2,216.92"
"756,1106,Chicken Biryani,3,293.95"
"757,1210,Fried Rice,3,170.6"
"758,1094,Veg Pizza,1,398.02"
"759,1436,Noodles,2,276.74"
"760,1352,Chicken Biryani,1,275.75"
"761,1228,Paneer Curry,1,252.68"
"762,1428,Fried Rice,2,145.69"
"763,1290,Burger,2,111.31"
"764,1061,Burger,1,149.4"
"765,1290,Chicken Biryani,2,257.28"
"766,1158,Chicken Biryani,1,284.97"
"767,1271,Fried Rice,3,386.93"
"768,1110,Veg Pizza,3,131.18"
"769,1235,Veg Pizza,2,346.66"
"770,1416,Fried Rice,1,353.69"
"771,1159,Fried Rice,1,206.36"
"772,1372,Noodles,1,138.29"
"773,1319,Fried Rice,2,324.04"
"774,1485,Veg Pizza,1,140.59"
"775,1229,Chicken Biryani,3,387.95"
"776,1480,Veg Pizza,2,147.37"
"777,1496,Veg Pizza,2,307.32"
"778,1499,Fried Rice,2,293.48"
"779,1141,Fried Rice,3,200.66"
"780,1283,Veg Pizza,2,199.75"
"781,1456,Burger,3,151.59"
"782,1338,Noodles,2,135.76"
"783,1381,Burger,3,178.32"
"784,1293,Fried Rice,1,206.54"
"785,1115,Burger,2,398.92"
"786,1276,Burger,2,257.96"
"787,1268,Burger,2,159.12"
"788,1246,Noodles,2,342.64"
"789,1209,Noodles,3,333.76"
"790,1228,Veg Pizza,2,138.66"
"791,1067,Paneer Curry,1,245.16"
"792,1261,Fried Rice,3,145.52"
"793,1453,Burger,3,203.89"
"794,1056,Fried Rice,3,329.5"
"795,1394,Fried Rice,1,252.78"
"796,1089,Chicken Biryani,3,360.5"
"797,1294,Veg Pizza,2,391.41"
"798,1396,Veg Pizza,2,236.7"
"799,1294,Fried Rice,1,388.87"
"800,1444,Veg Pizza,3,150.12"
"801,1008,Noodles,3,199.24"
"802,1416,Burger,1,167.16"
"803,1220,Paneer Curry,3,134.42"
"804,1194,Veg Pizza,3,273.34"
"805,1486,Paneer Curry,3,352.5"
"806,1036,Veg Pizza,3,395.15"
"807,1274,Chicken Biryani,3,144.08"
"808,1469,Fried Rice,2,232.6"
"809,1291,Noodles,1,294.12"
"810,1282,Veg Pizza,3,245.77"
"811,1324,Noodles,3,102.29"
"812,1088,Chicken Biryani,3,235.97"
"813,1050,Veg Pizza,1,313.89"
"814,1025,Fried Rice,1,143.29"
"815,1399,Burger,2,120.86"
"816,1222,Burger,1,269.13"
"817,1179,Noodles,3,370.17"
"818,1287,Fried Rice,3,308.0"
"819,1202,Paneer Curry,3,382.47"
"820,1060,Paneer Curry,1,357.35"
"821,1211,Chicken Biryani,3,276.25"
"822,1453,Burger,3,250.35"
"823,1353,Chicken Biryani,3,271.83"
"824,1287,Veg Pizza,3,242.69"
"825,1068,Paneer Curry,3,320.69"
"826,1249,Chicken Biryani,2,259.92"
"827,1281,Chicken Biryani,3,370.77"
"828,1365,Chicken Biryani,3,320.04"
"829,1459,Chicken Biryani,3,205.31"
"830,1368,Noodles,2,237.45"
"831,1147,Veg Pizza,1,398.38"
"832,1076,Veg Pizza,3,133.5"
"833,1074,Veg Pizza,2,129.14"
"834,1345,Noodles,2,269.54"
"835,1279,Noodles,2,398.18"
"836,1477,Noodles,2,321.1"
"837,1062,Paneer Curry,2,173.14"
"838,1066,Paneer Curry,2,274.32"
"839,1232,Chicken Biryani,1,356.47"
"840,1385,Paneer Curry,3,239.53"
"841,1370,Paneer Curry,3,335.9"
"842,1041,Paneer Curry,2,147.23"
"843,1072,Chicken Biryani,3,169.42"
"844,1284,Chicken Biryani,2,376.06"
"845,1059,Fried Rice,2,332.53"
"846,1181,Noodles,2,287.11"
"847,1149,Veg Pizza,3,250.41"
"848,1050,Paneer Curry,2,347.96"
"849,1352,Burger,1,384.47"
"850,1305,Fried Rice,2,398.31"
"851,1249,Fried Rice,2,258.16"
"852,1479,Chicken Biryani,3,135.32"
"853,1130,Veg Pizza,2,247.04"
"854,1093,Paneer Curry,1,109.69"
"855,1302,Noodles,1,387.63"
"856,1461,Veg Pizza,3,300.75"
"857,1364,Veg Pizza,1,130.47"
"858,1340,Veg Pizza,3,240.03"
"859,1098,Fried Rice,3,340.31"
"860,1485,Fried Rice,1,141.8"
"861,1277,Chicken Biryani,3,323.04"
"862,1199,Paneer Curry,1,142.34"
"863,1437,Chicken Biryani,2,314.3"
"864,1446,Fried Rice,2,378.22"
"865,1249,Paneer Curry,1,391.52"
"866,1477,Veg Pizza,1,277.3"
"867,1094,Noodles,1,351.65"
"868,1192,Burger,1,122.72"
"869,1153,Burger,1,167.65"
"870,1410,Chicken Biryani,1,264.7"
"871,1400,Noodles,3,183.33"
"872,1126,Paneer Curry,2,148.1"
"873,1491,Paneer Curry,1,291.66"
"874,1118,Paneer Curry,3,307.11"
"875,1039,Paneer Curry,2,264.14"
"876,1271,Veg Pizza,3,311.0"
"877,1046,Veg Pizza,3,134.92"
"878,1374,Noodles,2,285.32"
"879,1487,Burger,1,305.21"
"880,1175,Chicken Biryani,1,381.58"
"881,1148,Burger,3,269.27"
"882,1421,Paneer Curry,2,298.17"
"883,1387,Noodles,2,160.31"
"884,1232,Chicken Biryani,1,291.51"
"885,1326,Burger,3,274.4"
"886,1393,Burger,3,174.28"
"887,1499,Veg Pizza,3,249.51"
"888,1278,Fried Rice,1,181.34"
"889,1444,Chicken Biryani,1,348.96"
"890,1329,Veg Pizza,2,177.56"
"891,1439,Paneer Curry,1,249.2"
"892,1229,Noodles,2,335.66"
"893,1468,Veg Pizza,2,359.96"
"894,1248,Veg Pizza,2,373.96"
"895,1195,Burger,1,396.62"
"896,1057,Veg Pizza,2,299.94"
"897,1183,Fried Rice,3,101.31"
"898,1391,Burger,2,264.05"
"899,1273,Chicken Biryani,2,392.13"
"900,1056,Chicken Biryani,1,126.67"
"901,1275,Noodles,2,136.1"
"902,1150,Paneer Curry,2,394.86"
"903,1351,Chicken Biryani,1,371.85"
"904,1024,Paneer Curry,1,149.88"
"905,1358,Paneer Curry,2,292.97"
"906,1266,Veg Pizza,1,111.71"
"907,1031,Paneer Curry,1,106.59"
"908,1252,Veg Pizza,3,153.75"
"909,1032,Chicken Biryani,2,348.79"
"910,1177,Chicken Biryani,1,219.43"
"911,1491,Veg Pizza,1,389.86"
"912,1009,Paneer Curry,2,305.93"
"913,1206,Paneer Curry,3,366.51"
"914,1490,Burger,2,337.14"
"915,1005,Paneer Curry,3,133.27"
"916,1484,Chicken Biryani,1,386.65"
"917,1434,Paneer Curry,2,211.89"
"918,1497,Noodles,1,133.95"
"919,1161,Chicken Biryani,1,155.75"
"920,1428,Noodles,1,289.47"
"921,1481,Veg Pizza,1,179.68"
"922,1110,Paneer Curry,1,399.22"
"923,1142,Fried Rice,3,236.71"
"924,1165,Veg Pizza,2,208.57"
"925,1069,Fried Rice,1,304.88"
"926,1217,Burger,2,343.25"
"927,1394,Burger,3,361.17"
"928,1208,Chicken Biryani,1,369.66"
"929,1047,Fried Rice,1,390.76"
"930,1026,Chicken Biryani,2,222.58"
"931,1079,Noodles,3,246.59"
"932,1349,Paneer Curry,1,102.13"
"933,1025,Noodles,1,272.75"
"934,1090,Paneer Curry,3,306.66"
"935,1354,Noodles,2,149.9"
"936,1222,Fried Rice,2,212.29"
"937,1277,Paneer Curry,2,244.32"
"938,1293,Burger,3,258.15"
"939,1075,Burger,3,186.25"
"940,1237,Burger,3,195.84"
"941,1219,Paneer Curry,2,131.58"
"942,1014,Paneer Curry,2,367.87"
"943,1147,Paneer Curry,1,227.58"
"944,1115,Veg Pizza,1,148.77"
"945,1307,Chicken Biryani,1,137.04"
"946,1168,Fried Rice,2,247.75"
"947,1162,Veg Pizza,3,130.27"
"948,1387,Paneer Curry,1,385.33"
"949,1230,Burger,2,229.65"
"950,1454,Veg Pizza,2,110.18"
"951,1184,Noodles,1,105.71"
"952,1272,Chicken Biryani,3,295.98"
"953,1475,Chicken Biryani,1,199.39"
"954,1399,Fried Rice,1,226.76"
"955,1179,Veg Pizza,1,392.23"
"956,1068,Noodles,3,258.05"
"957,1293,Paneer Curry,2,264.39"
"958,1336,Burger,1,373.55"
"959,1359,Burger,2,108.59"
"960,1399,Noodles,2,341.96"
"961,1443,Veg Pizza,2,377.11"
"962,1360,Chicken Biryani,3,239.45"
"963,1077,Veg Pizza,2,124.64"
"964,1279,Veg Pizza,2,121.8"
"965,1166,Paneer Curry,3,162.33"
"966,1282,Noodles,1,395.67"
"967,1176,Fried Rice,3,197.17"
"968,1201,Noodles,1,165.93"
"969,1095,Chicken Biryani,1,215.09"
"970,1462,Veg Pizza,3,335.42"
"971,1439,Chicken Biryani,3,329.42"
"972,1047,Burger,2,245.79"
"973,1379,Chicken Biryani,3,315.68"
"974,1484,Chicken Biryani,3,352.7"
"975,1225,Paneer Curry,2,125.44"
"976,1381,Noodles,3,145.07"
"977,1433,Veg Pizza,3,368.2"
"978,1225,Fried Rice,1,178.79"
"979,1101,Noodles,1,119.92"
"980,1232,Paneer Curry,2,193.81"
"981,1259,Veg Pizza,1,237.16"
"982,1115,Veg Pizza,1,121.42"
"983,1114,Veg Pizza,3,225.34"
"984,1444,Burger,3,222.42"
"985,1217,Paneer Curry,1,202.94"
"986,1314,Burger,3,263.02"
"987,1189,Chicken Biryani,3,245.24"
"988,1431,Veg Pizza,1,343.37"
"989,1015,Paneer Curry,3,382.06"
"990,1366,Burger,2,279.52"
"991,1414,Paneer Curry,2,127.17"
"992,1038,Paneer Curry,1,290.66"
"993,1131,Chicken Biryani,3,151.73"
"994,1198,Noodles,3,369.93"
"995,1139,Paneer Curry,3,239.19"
"996,1456,Burger,2,146.98"
"997,1063,Noodles,2,260.89"
"998,1395,Fried Rice,3,143.36"
"999,1197,Noodles,3,293.78"
"1000,1412,Burger,3,354.37"
